"0","# Which configuration produced the files in this folder."
"0","writeLines(c(paste0(""generated       : "", format(Sys.time(), ""%Y-%m-%d %H:%M:%S"")),"
"0","             paste0(""input           : 03_analyses/thread-summary.xlsx""),"
"0","             paste0(""INCLUDE_LAB_REFERENCE : "", INCLUDE_LAB_REFERENCE),"
"0","             paste0(""SHOW_LAB_REFERENCE_IN_PANELS : "", SHOW_LAB_REFERENCE_IN_PANELS),"
"0","             paste0(""threads analysed: "", nrow(thread_plot)),"
"0","             paste0(""threads dropped (no pad_area): "", nrow(no_pad)),"
"0","             paste0(""baseline pool   : "", n_distinct(baseline_pool$mussel), "" mussels""),"
"0","             paste0(""lab reference   : "", n_distinct(grp_lab$mussel), "" mussels (day 0, shown, never pooled)""),"
"0","             paste0(""day-3 control   : "", n_distinct(grp_ctrl$mussel), "" mussels""),"
"0","             paste0(""lmer data       : "", nrow(dat_lmer), "" threads, "","
"0","                    n_distinct(dat_lmer$mussel), "" mussels""),"
"0","             paste0(""paired animals  : "", nrow(paired_pm), "" (pre and post per-mussel means)""),"
"0","             paste0(""R / lme4 / lmerTest / emmeans : "", R.version.string, "" / "","
"0","                    as.character(packageVersion(""lme4"")), "" / "","
"0","                    as.character(packageVersion(""lmerTest"")), "" / "","
"0","                    as.character(packageVersion(""emmeans"")))),"
"0","           file.path(out_dir, ""RUN_provenance.txt""))"
