"metric","scale","term","estimate","std.error","statistic","p.value","conf.low","conf.high"
"max_force","log","(Intercept)",-1.07034898832336,0.297385229916351,-3.5992002313781,0.000820020756021942,-1.67008346166124,-0.470614514985482
"max_force","log","armOA",-0.232106742504842,0.164293511597811,-1.41275659791749,0.16492484820684,-0.563436185727894,0.0992227007182103
"max_force","log","armOW",-0.816022872413411,0.165370189939416,-4.93452219358496,1.25401218442495e-05,-1.14952364444906,-0.482522100377766
"max_force","log","armDO",-0.841227994949442,0.164263941190997,-5.12119695199149,6.79988351440681e-06,-1.17249780376374,-0.509958186135141
"max_force","log","baseline",0.281150271166331,0.182958676240763,1.53668728339701,0.131696381560213,-0.0878210639894643,0.650121606322126
"pad_area","log","(Intercept)",0.995742863574307,0.213335566649215,4.66749581053962,2.98370637080988e-05,0.565510690494987,1.42597503665363
"pad_area","log","armOA",0.036827001601895,0.120807220481067,0.304841063764616,0.76195784055436,-0.206803977552669,0.280457980756459
"pad_area","log","armOW",-0.0769662010029176,0.13129860814012,-0.586192055598796,0.560811125837002,-0.341755079808568,0.187822677802733
"pad_area","log","armDO",-0.244737634241779,0.134857068504373,-1.81479277991159,0.0765353824703755,-0.516702832305281,0.0272275638217222
"pad_area","log","baseline",0.0850913459451364,0.196524312289805,0.432981268086853,0.667192520583586,-0.311237701608326,0.481420393498599
"max_displacement","raw","(Intercept)",0.159151947166581,0.0265225934337781,6.00061783414784,3.64886674793166e-07,0.10566403988539,0.212639854447773
"max_displacement","raw","armOA",-0.0309374244463789,0.0147493790339861,-2.09754081002947,0.0418605839199369,-0.0606823820876732,-0.00119246680508471
"max_displacement","raw","armOW",0.00578192993937511,0.0149082480333128,0.387834299942908,0.700051985987193,-0.0242834175735604,0.0358472774523106
"max_displacement","raw","armDO",-0.00622027449910156,0.0151410992769918,-0.410820534579929,0.683244277362533,-0.0367552112987451,0.0243146623005419
"max_displacement","raw","baseline",-0.105017587211069,0.145809506667497,-0.720238272601463,0.475275444561518,-0.399070481880667,0.189035307458529
