sample,mussel,tissue,treatment,day,group,secretion_score,log2cpm_mfp2,log2cpm_mfp4,log2cpm_FP10,log2cpm_FP12,log2cpm_FP15,log2cpm_tyrosinase1,log2cpm_preColD,log2cpm_ACDC,secretion_state,on_threshold,on_rule
T001F,T001,F,control,0,day0_lab,11.589096707560277,13.034326658100998,10.514766717727328,12.83205637825478,13.983996538464364,9.915590834853878,9.253843117960317,15.288737150541296,1.9195676096734167,on,4.974537613868024,gap
T002F,T002,F,control,0,day0_lab,7.282161524930395,9.67116928718843,5.363408180676305,9.204102219567602,10.335182387869112,5.914977436652191,3.204129637628726,7.059266021985144,5.824914012353357,on,4.974537613868024,gap
T003F,T003,F,control,0,day0_lab,11.743269359145353,13.294554677815054,10.722693545296206,13.511543321391876,14.220724216991393,9.503397797878376,9.206702595499214,15.291509749693331,5.022917151999289,on,4.974537613868024,gap
T004F,T004,F,control,0,day0_lab,11.644711376133657,13.628522964265285,9.984734027689049,13.490025470234361,13.951875665102852,10.603492699567902,8.209617429942488,13.616041468001608,2.9336914246308847,on,4.974537613868024,gap
T005F,T005,F,control,0,day0_lab,10.530313857502307,12.063953749224726,8.083562071596265,12.169915331783534,12.900894211633908,9.246837191919152,8.716720588856253,8.708153565114385,4.470724122996597,on,4.974537613868024,gap
T006F,T006,F,control,0,day0_lab,10.343269391090486,12.51219153582734,8.746499650912787,11.285875411368213,13.072202317492826,10.031273335574568,6.41157409536718,13.158626994341072,6.093876595967269,on,4.974537613868024,gap
T007F,T007,F,control,0,day0_lab,12.311668739317586,13.781464073734266,10.842228279581091,14.19551092209923,14.278265814270984,11.04968707784458,9.722856268375365,15.011663974709613,6.832735651603982,on,4.974537613868024,gap
T008F,T008,F,control,0,day0_lab,11.714836994694117,13.408565002223602,9.933663321417288,13.61004942210187,13.97923094503598,10.182520383293342,9.174992894092624,14.104505150893397,6.1945300561605645,on,4.974537613868024,gap
T009F,T009,F,control,0,day0_lab,10.104433523767925,12.085672620080473,6.034609187871969,11.386630020196069,13.197382070938417,9.668103360630958,8.254203882889666,12.60879339184557,7.5187736590727505,on,4.974537613868024,gap
T010F,T010,F,control,0,day0_lab,11.925179782706175,13.987102431041428,10.600459622053611,14.027470748488831,14.452138683780337,9.919814050716763,8.56409316015608,14.869667457728779,6.49980874253497,on,4.974537613868024,gap
T011F,T011,F,control,0,day0_lab,9.944917060863059,11.652751182844165,7.327951701278347,11.899723325391298,12.89312541372153,9.116355809059622,6.77959493288339,6.152949645935068,6.177268022076433,on,4.974537613868024,gap
T012F,T012,F,control,0,day0_lab,11.183488218557052,12.345932891899057,9.802261303234005,13.137167883567587,13.522235568889144,9.91327231483956,8.380059348912958,10.91996316530036,6.075349587150376,on,4.974537613868024,gap
T046F,T046,F,DO,3,DO,1.735393988450806,0,0,5.38711438216648,5.025249548538356,0,0,0,4.850572181366523,off,4.974537613868024,gap
T049F,T049,F,DO,3,DO,9.861695916620748,12.128982844914367,8.106947766972905,11.474382606343084,12.817451871563147,8.966582241334523,5.6758281685964596,5.502626782843357,5.233676069081526,on,4.974537613868024,gap
T052F,T052,F,DO,3,DO,1.4503104645330989,0,0,3.7042840800679975,4.997578707130596,0,0,3.5002215891972104,7.298758526412522,off,4.974537613868024,gap
T055F,T055,F,DO,3,DO,4.198233276219318,6.712282660365458,2.8940677170505382,6.9236349569357545,6.749728821792301,0,1.909685501171854,0,4.132875473460003,off,4.974537613868024,gap
T056F,T056,F,DO,3,DO,0,0,0,0,0,0,0,3.436757685546248,4.82279689075396,off,4.974537613868024,gap
T057F,T057,F,DO,3,DO,9.282598913105005,11.029187787797488,8.297715806272809,10.99698703896837,11.27993654564228,7.288169897645948,6.80359640230314,3.1190402072903103,7.0494832930848315,on,4.974537613868024,gap
T058F,T058,F,DO,3,DO,7.4722728700132,9.355059791087276,6.3849755176911716,9.509379032973209,9.620897189987982,5.4345268951622545,4.528798793177311,8.141220038343583,5.112931036904176,on,4.974537613868024,gap
T110F,T110,F,DO,3,DO,0.9659294656819134,3.5254495379962845,0,2.2701272560951957,0,0,0,0,4.397405827960881,off,4.974537613868024,gap
T111F,T111,F,DO,3,DO,0.3796053540393263,0,0,0,2.277632124235958,0,0,2.7598422961449516,7.239395880602483,off,4.974537613868024,gap
T112F,T112,F,DO,3,DO,7.731873002329724,10.08906228696795,5.40653858798625,10.114886894282993,10.455295273094633,6.2783510321177225,4.047103939528799,0,4.633095923288968,on,4.974537613868024,gap
T014F,T014,F,OA,3,OA,2.4947038778576958,4.832962229950744,0,4.944540464648003,5.190720572547429,0,0,4.356156292925202,4.509186740041461,off,4.974537613868024,gap
T015F,T015,F,OA,3,OA,9.806242369712669,12.279809005128538,6.699308154311969,11.864780906464587,12.71435116640899,9.446993505119348,5.8322114808425765,9.154210312323661,5.10447756804137,on,4.974537613868024,gap
T016F,T016,F,OA,3,OA,0,0,0,0,0,0,0,0,5.525299188125631,off,4.974537613868024,gap
T017F,T017,F,OA,3,OA,3.54498441667679,6.551757308396072,1.810867580356233,0,8.202115304605806,4.705166306702629,0,3.887225665692343,0,off,4.974537613868024,gap
T019F,T019,F,OA,3,OA,0,0,0,0,0,0,0,2.2929172544171643,5.871148463472921,off,4.974537613868024,gap
T021F,T021,F,OA,3,OA,0,0,0,0,0,0,0,3.7626427336712984,6.494292917892192,off,4.974537613868024,gap
T023F,T023,F,OA,3,OA,0.30599063400486914,0,0,0,1.8359438040292149,0,0,3.6997249821515354,5.208699985172363,off,4.974537613868024,gap
T025F,T025,F,OA,3,OA,1.271322501541359,0,0,4.356195255399961,3.271739753848192,0,0,3.271739753848192,0,off,4.974537613868024,gap
T026F,T026,F,OA,3,OA,0,0,0,0,0,0,0,3.1404538480180917,5.242463565932008,off,4.974537613868024,gap
T027F,T027,F,OA,3,OA,0,0,0,0,0,0,0,3.5196705544968117,3.5196705544968117,off,4.974537613868024,gap
T118F,T118,F,OA,3,OA,9.3163578599627,10.614443415916886,7.739054517305041,10.892800162630468,12.475400297597329,8.64609479249428,5.530353973832193,8.478268743661374,3.72474089080749,on,4.974537613868024,gap
T119F,T119,F,OA,3,OA,0.4657085518899105,0,0,2.794251311339463,0,0,0,3.4455300115303675,6.093448182621885,off,4.974537613868024,gap
T029F,T029,F,OW,3,OW,10.881343859193242,12.640277718998128,9.482934037738778,12.581338036135463,13.102356716455919,9.42235783718161,8.058798808649556,6.162201805463165,5.7081974451891675,on,4.974537613868024,gap
T030F,T030,F,OW,3,OW,2.9110556931735907,5.266929997998506,0,4.91502578694209,4.91502578694209,0,2.3693525871588563,7.558567214604524,3.6391746346507383,off,4.974537613868024,gap
T031F,T031,F,OW,3,OW,9.18407202789748,11.469000624325549,8.445493583171658,11.173949134661608,11.34400462077109,7.480983131538209,5.19100107291677,5.228435539054469,5.402291165409681,on,4.974537613868024,gap
T033F,T033,F,OW,3,OW,0.42261792860601827,0,0,2.5357075716361095,0,0,0,2.7566676998217026,4.6434556009223975,off,4.974537613868024,gap
T034F,T034,F,OW,3,OW,0.5028990353652042,0,0,0,3.0173942121912254,0,0,2.601533155346179,3.339816216052714,off,4.974537613868024,gap
T035F,T035,F,OW,3,OW,0,0,0,0,0,0,0,3.8745659478328744,0,off,4.974537613868024,gap
T036F,T036,F,OW,3,OW,0.44640907367895094,0,0,2.6784544420737055,0,0,0,3.5611299051603886,0,off,4.974537613868024,gap
T037F,T037,F,OW,3,OW,8.538177057275435,10.64248624896365,7.22947832611609,10.765597145307218,10.945637957098207,7.106763135118365,4.539099531049082,3.307372837933484,0,on,4.974537613868024,gap
T038F,T038,F,OW,3,OW,2.8983088981140166,4.942903911322482,0,4.990249189007682,5.428681115065104,0,2.028019173288832,3.3554863890838877,4.034939757815105,off,4.974537613868024,gap
T039F,T039,F,OW,3,OW,0,0,0,0,0,0,0,3.5069354390732843,2.6285668683553824,off,4.974537613868024,gap
T040F,T040,F,OW,3,OW,10.244238550580912,12.494939127270241,8.001871625517557,11.941457696723496,12.953310332860061,9.795873384465121,6.277979136648995,8.35750850133509,4.3762670459956805,on,4.974537613868024,gap
T041F,T041,F,OW,3,OW,0.48134112237762355,0,0,0,2.888046734265741,0,0,3.3429356904915073,3.7871556053038904,off,4.974537613868024,gap
T126F,T126,F,control,3,control,9.830347572354084,12.2108413236107,8.379571801095265,10.484331510839828,12.125780269267697,9.371414552850382,6.410145976460629,10.646879570688261,4.610123435540188,on,4.974537613868024,gap
T127F,T127,F,control,3,control,5.813748805489043,7.476120531708576,4.538406786393666,7.852227154661631,7.9700974953551755,3.789682134196982,3.255958730618229,3.789682134196982,6.531653515677014,on,4.974537613868024,gap
T128F,T128,F,control,3,control,6.535964472760969,8.789792298145926,3.7497858678743707,8.469458862269349,8.397517788479195,5.224934144513849,4.584297875283125,2.9458154208227216,6.58239647376162,on,4.974537613868024,gap
T129F,T129,F,control,3,control,1.467817615636779,0,0,4.375397548037732,4.431508145782942,0,0,3.071793856529877,6.080521995991843,off,4.974537613868024,gap
T130F,T130,F,control,3,control,0,0,0,0,0,0,0,6.966227865985934,4.769736325126404,off,4.974537613868024,gap
T131F,T131,F,control,3,control,1.4198237342607392,3.078547616034579,0,3.2004414579504936,2.2399533315793625,0,0,3.3128340020210425,2.7986951835939697,off,4.974537613868024,gap
T132F,T132,F,control,3,control,0,0,0,0,0,0,0,2.9217764282314347,3.2884149021721623,off,4.974537613868024,gap
T133F,T133,F,control,3,control,9.741030024643917,11.73385781390141,8.4700463261012775,11.18043383639121,11.956820986684916,8.70460881959536,6.400412365189335,8.051644271882104,6.276433270283434,on,4.974537613868024,gap
T134F,T134,F,control,3,control,0.46916708002957747,0,0,0,2.8150024801774647,0,0,2.409333654959191,3.131280028166079,off,4.974537613868024,gap
T135F,T135,F,control,3,control,0,0,0,0,0,0,0,2.202334372172774,3.0364098256402237,off,4.974537613868024,gap
T136F,T136,F,control,3,control,5.75084195151673,7.471458910964366,4.076667500941633,7.091590225030677,7.878750662569904,4.904261089058803,3.0823233205349965,3.0823233205349965,5.29581804236612,on,4.974537613868024,gap
T137F,T137,F,control,3,control,3.1314624011818877,6.05995173961477,0,6.523417660648282,6.205405006828274,0,0,3.473798437087497,5.570050230853982,off,4.974537613868024,gap
