"0","source(here::here(""01_code"", ""_paths.R""))"
"0","suppressPackageStartupMessages({ library(DESeq2); library(apeglm); library(tidyverse) })"
"0","OUT <- file.path(deg, ""sensitivity_fourlevel"")"
"0","dir.create(OUT, showWarnings = FALSE, recursive = TRUE)"
"0","PADJ_CUTOFF <- 0.05"
"0","ARMS <- c(""control"", ""OA"", ""OW"", ""DO"")          # reference first: coefficient names depend on it"
"0",""
"0","master <- as.matrix(read.csv(file.path(dat, ""gene_count_matrix_clean.csv""),"
"0","                             row.names = 1, check.names = FALSE))"
"0","ti <- read.csv(file.path(dat, ""treatmentinfo_clean.csv""), row.names = 1, stringsAsFactors = FALSE)"
"0","cat(""Master count matrix:"", nrow(master), ""genes x"", ncol(master), ""samples\n"")"
"1","Master count matrix:"
"1"," "
"1","47806"
"1"," "
"1","genes x"
"1"," "
"1","129"
"1"," "
"1","samples
"
"0","## the primary DEG lists, for the comparison"
"0","primary_siggene <- function(tissue, trt) {"
"0","  d <- file.path(deg, ifelse(tissue == ""F"", ""Foot"", ""Gill""))"
"0","  f <- list.files(d, pattern = sprintf(""^%s%s_TC_siggene.*\\.csv$"", tissue, trt), full.names = TRUE)"
"0","  if (!length(f)) return(character(0))"
"0","  read.table(f[1], header = TRUE, sep = "" "", stringsAsFactors = FALSE)$gene"
"0","}"
