"0","source(file.path(here::here(), "".."", ""tools"", ""pipeline_checks.R""))   # provenance_lines(), git state"
"0","ts_repo_root <- psmfc_repo_root(here::here())"
"0","ts_inputs <- c(here::here(""03_analyses"", ""thread-summary.xlsx""),"
"0","               here::here(""01_code"", ""4_decompose_adhesion.Rmd""), here::here(""01_code"", ""_ancova.R""),"
"0","               here::here(""03_analyses"", ""03_analyze-thread-strength"", ""STATS_ancova_vs_control.csv""))"
"0","writeLines(provenance_lines(c(paste0(""generated : "", format(Sys.time(), ""%Y-%m-%d %H:%M:%S"")),"
"0","             paste0(""input     : 03_analyses/thread-summary.xlsx""),"
"0","             paste0(""model     : per-animal ANCOVA, day-3 level ~ arm + baseline level (log: force, area; raw: extension)""),"
"0","             unlist(lapply(ancova, function(r)"
"0","               paste0(""animals   : "", r$metric, "" "", nrow(r$data), "" ("","
"0","                      paste(sprintf(""%s %d"", levels(r$data$arm), as.integer(table(r$data$arm))),"
"0","                            collapse = "", ""), "")""))),"
"0","             paste0(""multiplicity : unadjusted and Dunnett (emmeans mvt, seed "", DUNNETT_SEED, "")""),"
"0","             paste0(""classified animals: "", nrow(resp), "" ("", sum(resp$paired), "" paired)""),"
"0","             paste0(""R / emmeans : "", R.version.string, "" / "", as.character(packageVersion(""emmeans"")))), ts_inputs, ts_repo_root, packages = ""emmeans""),"
"0","           file.path(out_dir, ""RUN_provenance.txt""))"
"0","print(""done"")"
"1","[1]"
"1"," ""done"""
"1","
"
