"0",""
"0","# Does failure-mode composition differ among the four day-3 arms?"
"0","post_fm <- fm %>% filter(phase == ""post"") %>% droplevels()   # drop the empty pre/lab levels"
"0","fm_table <- table(post_fm$thread_trt, post_fm$failure)"
"0","chi <- suppressWarnings(chisq.test(fm_table))"
"0","cat(""Chi-square, failure mode x day-3 arm: X2 ="", round(chi$statistic, 2),"
"0","    "" df ="", chi$parameter, "" p ="", signif(chi$p.value, 3), ""\n"")"
"1","Chi-square, failure mode x day-3 arm: X2 ="
"1"," "
"1","18.57"
"1"," "
"1"," df ="
"1"," "
"1","9"
"1"," "
"1"," p ="
"1"," "
"1","0.0291"
"1"," "
"1","
"
"0","# Fisher's exact test (Monte Carlo, B draws) is always computed and written beside the"
"0","# chi-square, because several expected counts are below 5 and the chi-square approximation"
"0","# is the weaker of the two here. FISHER_B and the seed are recorded in the output row."
"0","FISHER_B <- 10000"
"0","set.seed(20260916)"
"0","fisher_p <- fisher.test(fm_table, simulate.p.value = TRUE, B = FISHER_B)$p.value"
"0","cat(""Fisher's exact (Monte Carlo, B ="", FISHER_B, "") p ="", signif(fisher_p, 3),"
"0","    if (any(chi$expected < 5)) "" <- some expected counts < 5, prefer this p"" else """", ""\n"")"
"1","Fisher's exact (Monte Carlo, B ="
"1"," "
"1","10000"
"1"," "
"1",") p ="
"1"," "
"1","0.0188"
"1"," "
"1"," <- some expected counts < 5, prefer this p"
"1"," "
"1","
"
"0","# Adhesion by failure mode, for interpretation of the composition shift"
"0","adh_by_fm <- thread_plot %>%"
"0","  mutate(adhesion_kpa = max_force / pad_area * 1000) %>%"
"0","  filter(!is.na(failure), !is.na(adhesion_kpa)) %>%"
"0","  group_by(failure) %>%"
"0","  summarise(threads = n(), mean_kpa = mean(adhesion_kpa), median_kpa = median(adhesion_kpa),"
"0","            .groups = ""drop"")"
"0","knitr::kable(adh_by_fm, digits = 1)"
