"0","tens_root <- here::here(""02_data"", ""tensometer_output"")"
"0","key_csv   <- here::here(""02_data"", ""mussel-treatment-key.csv"")"
"0","qc_root   <- here::here(""03_analyses"", ""01_extract-tensometer-data"", ""QC_plots"")"
"0","xlsx_out  <- here::here(""03_analyses"", ""01_extract-tensometer-data"", ""thread-summary-raw-output.xlsx"")"
"0",""
"0","if (!dir.exists(tens_root))"
"0","  stop(""Cannot find:\n  "", tens_root,"
"0","       ""\nOpen `thread-strength.Rproj` (not the repository-root .Rproj) before running."")"
"0",""
"0","dir.create(dirname(xlsx_out), recursive = TRUE, showWarnings = FALSE)"
