"0","by_side <- traces %>%"
"0","  filter(phase %in% c(""pre"", ""post"")) %>%"
"0","  group_by(mussel, mussel_trt, phase) %>%"
"0","  summarise(traces = n(), measured = sum(!is.na(pad_area)), .groups = ""drop"")"
"0",""
"0","wide <- by_side %>%"
"0","  pivot_wider(names_from = phase, values_from = c(traces, measured), values_fill = 0)"
"0","for (col in c(""traces_pre"", ""traces_post"", ""measured_pre"", ""measured_post""))"
"0","  if (!col %in% names(wide)) wide[[col]] <- 0L"
"0",""
"0","wide <- wide %>%"
"0","  mutate(trace_paired = traces_pre > 0 & traces_post > 0,"
"0","         pair_usable  = measured_pre > 0 & measured_post > 0,"
"0","         # Held as its own column rather than recomputed inside summarise(): within one"
"0","         # summarise(), a later expression sees the value an earlier one just created, so"
"0","         # `sum(trace_paired & !pair_usable)` there would silently use the scalar count."
"0","         blocked_flag = trace_paired & !pair_usable,"
"0","         gap_type = case_when("
"0","           trace_paired & !pair_usable          ~ ""pair_blocked_unmeasured"","
"0","           traces_post > 0 & traces_pre  == 0   ~ ""missing_pre_trace"","
"0","           traces_pre  > 0 & traces_post == 0   ~ ""missing_post_trace"","
"0","           TRUE                                 ~ ""ok""))"
"0",""
"0","# Can the blocked ones actually be fixed? Only if the unmeasured side has an image."
"0","pic_by_side <- traces %>%"
"0","  filter(phase %in% c(""pre"", ""post""), is.na(pad_area)) %>%"
"0","  group_by(mussel, phase) %>%"
"0","  summarise(images = sum(picture_status == ""available""), .groups = ""drop"") %>%"
"0","  pivot_wider(names_from = phase, values_from = images,"
"0","              names_prefix = ""images_missing_side_"", values_fill = 0)"
"0",""
"0","pairing_gaps <- wide %>%"
"0","  select(-blocked_flag) %>%"
"0","  left_join(pic_by_side, by = ""mussel"") %>%"
"0","  mutate(across(starts_with(""images_missing_side_""), ~ replace_na(.x, 0L))) %>%"
"0","  filter(gap_type != ""ok"") %>%"
"0","  arrange(gap_type, mussel_trt, mussel)"
"0",""
"0","cat(""\nPairing status by arm:\n"")"
"1","
Pairing status by arm:
"
"0","print(knitr::kable(wide %>%"
"0","  group_by(mussel_trt) %>%"
"0","  summarise(mussels      = n(),"
"0","            trace_paired = sum(trace_paired),"
"0","            usable_pairs = sum(pair_usable),"
"0","            blocked      = sum(blocked_flag),"
"0","            .groups = ""drop"")))"
"1","[1]"
"1"," ""|mussel_trt | mussels| trace_paired| usable_pairs| blocked|"""
"1"," ""|:----------|-------:|------------:|------------:|-------:|"""
"1","
"
"1","[3]"
"1"," ""|DO         |      20|           12|           12|       0|"""
"1"," ""|OA         |      18|           12|           12|       0|"""
"1","
"
"1","[5]"
"1"," ""|OW         |      24|           12|           12|       0|"""
"1"," ""|control    |      12|           11|           11|       0|"""
"1","
"
"1","attr(,""format"")"
"1","
"
"1","[1]"
"1"," ""pipe"""
"1","
"
"1","attr(,""class"")"
"1","
"
"1","[1]"
"1"," ""knitr_kable"""
"1","
"
"0","cat(""\nGaps:\n"")"
"1","
Gaps:
"
"0","print(knitr::kable(pairing_gaps %>% count(gap_type, mussel_trt) %>%"
"0","  pivot_wider(names_from = mussel_trt, values_from = n, values_fill = 0)))"
"1","[1]"
"1"," ""|gap_type           | DO| OA| OW| control|"""
"1"," ""|:------------------|--:|--:|--:|-------:|"""
"1"," ""|missing_post_trace |  6|  5|  2|       1|"""
"1","
"
"1","[4]"
"1"," ""|missing_pre_trace  |  2|  1| 10|       0|"""
"1","
"
"1","attr(,""format"")"
"1","
"
"1","[1]"
"1"," ""pipe"""
"1","
"
"1","attr(,""class"")"
"1","
"
"1","[1]"
"1"," ""knitr_kable"""
"1","
"
"0","blocked <- pairing_gaps %>% filter(gap_type == ""pair_blocked_unmeasured"")"
"0","if (nrow(blocked) > 0) {"
"0","  cat(""\nAnimals with traces on both sides but no usable adhesion pair:\n"")"
"0","  blocked %>%"
"0","    select(mussel, mussel_trt, traces_pre, measured_pre, traces_post, measured_post,"
"0","           images_missing_side_pre, images_missing_side_post) %>%"
"0","    knitr::kable() %>% print()"
"0","}"
