"0","source(here::here(""01_code"", ""_ancova.R""))"
"0",""
"0","adhesion_ancova <- fit_ancova(thread_plot, ""adhesion_kpa"", ""log"")"
"0","cat(""Animals in the ANCOVA:"", nrow(adhesion_ancova$data), ""\n"")"
"1","Animals in the ANCOVA:"
"1"," "
"1","47"
"1"," "
"1","
"
"0","print(adhesion_ancova$data %>% count(arm, name = ""animals""))"
"1"," "
"1","     arm"
"1"," animals"
"1","
1"
"1"," control"
"1","      11"
"1","
2"
"1","      OA"
"1","      12"
"1","
3"
"1","      OW"
"1","      12"
"1","
4"
"1","      DO"
"1","      12"
"1","
"
"0","knitr::kable(adhesion_ancova$tests, digits = 4)"
