"0","# Pooled screen. Rosner assumes an approximately normal bulk and wants n >= 25."
"0","print(rosnerTest(thread_raw$max_force, k = 5)$all.stats)"
"1"," "
"1"," i"
"1","    Mean.i"
"1","       SD.i"
"1"," Value"
"1"," Obs.Num"
"1","    R.i+1"
"1"," lambda.i+1"
"1"," Outlier"
"1","
1"
"1"," 0"
"1"," 0.2025132"
"1"," 0.10425353"
"1"," 0.600"
"1","      64"
"1"," 3.812694"
"1","   3.789275"
"1","    TRUE"
"1","
2"
"1"," 1"
"1"," 0.2014644"
"1"," 0.10236441"
"1"," 0.510"
"1","      30"
"1"," 3.014091"
"1","   3.788554"
"1","   FALSE"
"1","
3"
"1"," 2"
"1"," 0.2006481"
"1"," 0.10125756"
"1"," 0.505"
"1","     250"
"1"," 3.005720"
"1","   3.787830"
"1","   FALSE"
"1","
4"
"1"," 3"
"1"," 0.1998408"
"1"," 0.10016662"
"1"," 0.500"
"1","     220"
"1"," 2.996599"
"1","   3.787104"
"1","   FALSE"
"1","
5"
"1"," 4"
"1"," 0.1990426"
"1"," 0.09909195"
"1"," 0.495"
"1","      50"
"1"," 2.986695"
"1","   3.786377"
"1","   FALSE"
"1","
"
"0","# Per thread treatment, where the group is large enough to support it."
"0","for (trt in levels(plot_dat$thread_trt)) {"
"0","  v <- plot_dat$max_force[plot_dat$thread_trt == trt]"
"0","  if (length(v) < 25) {"
"0","    message(trt, "": n = "", length(v), "", too small for a Rosner test; skipped."")"
"0","    next"
"0","  }"
"0","  res <- tryCatch(rosnerTest(v, k = min(5, length(v) - 2)), error = function(e) NULL)"
"0","  if (is.null(res)) { message(trt, "": Rosner test failed.""); next }"
"0","  message(""--- "", trt, "" (n = "", length(v), "") ---"")"
"0","  print(res$all.stats)"
"0","}"
"1"," "
"1"," i"
"1","    Mean.i"
"1","       SD.i"
"1"," Value"
"1"," Obs.Num"
"1","    R.i+1"
"1"," lambda.i+1"
"1"," Outlier"
"1","
1"
"1"," 0"
"1"," 0.2415528"
"1"," 0.10133520"
"1"," 0.600"
"1","      64"
"1"," 3.537243"
"1","   3.539193"
"1","   FALSE"
"1","
2"
"1"," 1"
"1"," 0.2393125"
"1"," 0.09757192"
"1"," 0.510"
"1","      30"
"1"," 2.774236"
"1","   3.537251"
"1","   FALSE"
"1","
3"
"1"," 2"
"1"," 0.2376101"
"1"," 0.09546660"
"1"," 0.495"
"1","      50"
"1"," 2.696125"
"1","   3.535295"
"1","   FALSE"
"1","
4"
"1"," 3"
"1"," 0.2359810"
"1"," 0.09352689"
"1"," 0.465"
"1","     103"
"1"," 2.448697"
"1","   3.533324"
"1","   FALSE"
"1","
5"
"1"," 4"
"1"," 0.2345223"
"1"," 0.09200541"
"1"," 0.465"
"1","     150"
"1"," 2.505045"
"1","   3.531339"
"1","   FALSE"
"1","
"
"1"," "
"1"," i"
"1","    Mean.i"
"1","       SD.i"
"1"," Value"
"1"," Obs.Num"
"1","    R.i+1"
"1"," lambda.i+1"
"1"," Outlier"
"1","
1"
"1"," 0"
"1"," 0.2280263"
"1"," 0.10119916"
"1"," 0.445"
"1","      32"
"1"," 2.144027"
"1","   3.014109"
"1","   FALSE"
"1","
2"
"1"," 1"
"1"," 0.2221622"
"1"," 0.09582638"
"1"," 0.025"
"1","      23"
"1"," 2.057494"
"1","   3.002552"
"1","   FALSE"
"1","
3"
"1"," 2"
"1"," 0.2276389"
"1"," 0.09112383"
"1"," 0.380"
"1","      25"
"1"," 1.672023"
"1","   2.990585"
"1","   FALSE"
"1","
4"
"1"," 3"
"1"," 0.2232857"
"1"," 0.08857485"
"1"," 0.375"
"1","      17"
"1"," 1.712837"
"1","   2.978183"
"1","   FALSE"
"1","
5"
"1"," 4"
"1"," 0.2188235"
"1"," 0.08582098"
"1"," 0.365"
"1","       4"
"1"," 1.703272"
"1","   2.965315"
"1","   FALSE"
"1","
"
"1"," "
"1"," i"
"1","    Mean.i"
"1","       SD.i"
"1"," Value"
"1"," Obs.Num"
"1","    R.i+1"
"1"," lambda.i+1"
"1"," Outlier"
"1","
1"
"1"," 0"
"1"," 0.2325000"
"1"," 0.08270292"
"1"," 0.500"
"1","      21"
"1"," 3.234469"
"1","   2.965315"
"1","    TRUE"
"1","
2"
"1"," 1"
"1"," 0.2243939"
"1"," 0.06891750"
"1"," 0.380"
"1","      34"
"1"," 2.257860"
"1","   2.951949"
"1","   FALSE"
"1","
3"
"1"," 2"
"1"," 0.2195313"
"1"," 0.06401058"
"1"," 0.375"
"1","      12"
"1"," 2.428798"
"1","   2.938048"
"1","   FALSE"
"1","
4"
"1"," 3"
"1"," 0.2145161"
"1"," 0.05832888"
"1"," 0.365"
"1","      24"
"1"," 2.579921"
"1","   2.923571"
"1","   FALSE"
"1","
5"
"1"," 4"
"1"," 0.2095000"
"1"," 0.05208332"
"1"," 0.320"
"1","       9"
"1"," 2.121600"
"1","   2.908473"
"1","   FALSE"
"1","
"
"1"," "
"1"," i"
"1","    Mean.i"
"1","       SD.i"
"1"," Value"
"1"," Obs.Num"
"1","    R.i+1"
"1"," lambda.i+1"
"1"," Outlier"
"1","
1"
"1"," 0"
"1"," 0.2034615"
"1"," 0.09440363"
"1"," 0.505"
"1","      17"
"1"," 3.194141"
"1","   3.025284"
"1","    TRUE"
"1","
2"
"1"," 1"
"1"," 0.1955263"
"1"," 0.08142970"
"1"," 0.365"
"1","      34"
"1"," 2.081227"
"1","   3.014109"
"1","   FALSE"
"1","
3"
"1"," 2"
"1"," 0.1909459"
"1"," 0.07743131"
"1"," 0.345"
"1","       4"
"1"," 1.989558"
"1","   3.002552"
"1","   FALSE"
"1","
4"
"1"," 3"
"1"," 0.1866667"
"1"," 0.07395945"
"1"," 0.325"
"1","      22"
"1"," 1.870394"
"1","   2.990585"
"1","   FALSE"
"1","
5"
"1"," 4"
"1"," 0.1827143"
"1"," 0.07107725"
"1"," 0.050"
"1","       9"
"1"," 1.867184"
"1","   2.978183"
"1","   FALSE"
"1","
"
"1"," "
"1"," i"
"1","    Mean.i"
"1","       SD.i"
"1"," Value"
"1"," Obs.Num"
"1","    R.i+1"
"1"," lambda.i+1"
"1"," Outlier"
"1","
1"
"1"," 0"
"1"," 0.1376866"
"1"," 0.08536166"
"1"," 0.455"
"1","       1"
"1"," 3.717283"
"1","   3.241349"
"1","    TRUE"
"1","
2"
"1"," 1"
"1"," 0.1328788"
"1"," 0.07632955"
"1"," 0.355"
"1","      43"
"1"," 2.910029"
"1","   3.235733"
"1","   FALSE"
"1","
3"
"1"," 2"
"1"," 0.1294615"
"1"," 0.07165522"
"1"," 0.320"
"1","      47"
"1"," 2.659101"
"1","   3.230010"
"1","   FALSE"
"1","
4"
"1"," 3"
"1"," 0.1264844"
"1"," 0.06804923"
"1"," 0.280"
"1","      55"
"1"," 2.255949"
"1","   3.224177"
"1","   FALSE"
"1","
5"
"1"," 4"
"1"," 0.1240476"
"1"," 0.06572092"
"1"," 0.265"
"1","       6"
"1"," 2.144711"
"1","   3.218230"
"1","   FALSE"
"1","
"
"1"," "
"1"," i"
"1","    Mean.i"
"1","       SD.i"
"1"," Value"
"1"," Obs.Num"
"1","    R.i+1"
"1"," lambda.i+1"
"1"," Outlier"
"1","
1"
"1"," 0"
"1"," 0.1057317"
"1"," 0.04629472"
"1"," 0.200"
"1","      13"
"1"," 2.036264"
"1","   3.046571"
"1","   FALSE"
"1","
2"
"1"," 1"
"1"," 0.1033750"
"1"," 0.04432380"
"1"," 0.200"
"1","      16"
"1"," 2.179980"
"1","   3.036097"
"1","   FALSE"
"1","
3"
"1"," 2"
"1"," 0.1008974"
"1"," 0.04200363"
"1"," 0.025"
"1","      35"
"1"," 1.806926"
"1","   3.025284"
"1","   FALSE"
"1","
4"
"1"," 3"
"1"," 0.1028947"
"1"," 0.04064732"
"1"," 0.030"
"1","      40"
"1"," 1.793347"
"1","   3.014109"
"1","   FALSE"
"1","
5"
"1"," 4"
"1"," 0.1048649"
"1"," 0.03932568"
"1"," 0.175"
"1","       3"
"1"," 1.783444"
"1","   3.002552"
"1","   FALSE"
"1","
"
