"0","# Per-animal means at each timepoint, every animal with day-3 threads"
"0","resp_cols <- c(""adhesion_kpa"", ""max_force"", ""pad_area"", ""max_displacement"")"
"0","pm_all <- dat %>%"
"0","  group_by(mussel, mussel_trt, timepoint) %>%"
"0","  summarise(n_threads = n(), across(all_of(resp_cols), mean), .groups = ""drop"")"
"0",""
"0","post_side <- pm_all %>% filter(timepoint == ""post"") %>%"
"0","  select(mussel, mussel_trt, n_threads_post = n_threads, all_of(resp_cols)) %>%"
"0","  rename_with(~ paste0(.x, ""_post""), all_of(resp_cols))"
"0","pre_side  <- pm_all %>% filter(timepoint == ""baseline"") %>%"
"0","  select(mussel, n_threads_pre = n_threads, all_of(resp_cols)) %>%"
"0","  rename_with(~ paste0(.x, ""_pre""), all_of(resp_cols))"
"0",""
"0","resp <- post_side %>%"
"0","  left_join(pre_side, by = ""mussel"") %>%"
"0","  mutate(paired = !is.na(n_threads_pre),"
"0","         n_threads_pre = replace_na(n_threads_pre, 0L))"
"0",""
"0","# Change columns. Log-ratio for the positive, right-skewed metrics (matches the models above);"
"0","# plain difference for extension. % change for all four, on the raw scale."
"0","for (m in resp_cols) {"
"0","  pre <- resp[[paste0(m, ""_pre"")]]; post <- resp[[paste0(m, ""_post"")]]"
"0","  resp[[paste0(m, ""_pct_change"")]] <- 100 * (post - pre) / pre"
"0","  resp[[paste0(m, ""_change"")]] <- if (m == ""max_displacement"") post - pre else log(post / pre)"
"0","  resp[[paste0(m, ""_direction"")]] <- case_when(is.na(pre) ~ NA_character_,"
"0","                                               post < pre ~ ""decreased"","
"0","                                               post > pre ~ ""increased"","
"0","                                               TRUE       ~ ""unchanged"")"
"0","}"
"0",""
"0","# Control-referenced frame: subtract the control arm's mean % change on each metric"
"0","ctrl_mean <- resp %>% filter(paired, mussel_trt == ""control"") %>%"
"0","  summarise(across(ends_with(""_pct_change""), ~ mean(.x, na.rm = TRUE)))"
"0","if (nrow(ctrl_mean) == 0 || any(is.na(ctrl_mean[1, ])))"
"0","  warning(""Control arm has no paired animals; *_vs_control columns will be NA."", call. = FALSE)"
"0","for (m in resp_cols) {"
"0","  ref <- if (nrow(ctrl_mean)) ctrl_mean[[paste0(m, ""_pct_change"")]] else NA_real_"
"0","  resp[[paste0(m, ""_vs_control"")]] <- resp[[paste0(m, ""_pct_change"")]] - ref"
"0","  resp[[paste0(m, ""_rel_direction"")]] <- case_when("
"0","    is.na(resp[[paste0(m, ""_vs_control"")]]) ~ NA_character_,"
"0","    resp[[paste0(m, ""_vs_control"")]] < 0    ~ ""below_control"","
"0","    TRUE                                    ~ ""above_control"")"
"0","}"
"0",""
"0","# Composite class and score"
"0","zs <- function(x) if (sum(!is.na(x)) > 1) as.numeric(scale(x)) else x * NA_real_"
"0","resp <- resp %>%"
"0","  mutate(response_class = case_when("
"0","           !paired ~ NA_character_,"
"0","           max_force_direction == ""decreased"" & adhesion_kpa_direction == ""decreased"" ~ ""weaker"","
"0","           max_force_direction == ""increased"" & adhesion_kpa_direction == ""increased"" ~ ""stronger"","
"0","           TRUE ~ ""mixed""),"
"0","         response_score = rowMeans(cbind(zs(max_force_change), zs(pad_area_change),"
"0","                                         zs(adhesion_kpa_change)), na.rm = FALSE)) %>%"
"0","  arrange(mussel_trt, mussel)"
"0",""
"0","# Tidy column order: identity, pairing, then one block per metric, then the composite"
"0","ordered_cols <- c(""mussel"", ""mussel_trt"", ""paired"", ""n_threads_pre"", ""n_threads_post"","
"0","  unlist(lapply(resp_cols, function(m) paste0(m, c(""_pre"", ""_post"", ""_change"", ""_pct_change"","
"0","                                                    ""_direction"", ""_vs_control"", ""_rel_direction"")))),"
"0","  ""response_class"", ""response_score"")"
"0","resp <- resp %>% select(all_of(ordered_cols))"
"0",""
"0","write_csv(resp, file.path(out_dir, ""mussel_response_classification.csv""), na = """")"
"0","message(""Wrote mussel_response_classification.csv: "", nrow(resp), "" animals with day-3 threads, "","
"0","        sum(resp$paired), "" paired."")"
"0",""
"0","cat(""\nResponse class by arm (paired animals):\n"")"
"1","
Response class by arm (paired animals):
"
"0","resp %>% filter(paired) %>% count(mussel_trt, response_class) %>%"
"0","  pivot_wider(names_from = response_class, values_from = n, values_fill = 0) %>%"
"0","  knitr::kable() %>% print()"
