"","sample.1","tissue","treatment","day","region"
"T001F","T001F","F","control","0","foot (phenol gland to tip)"
"T001FX","T001FX","F","control","0","foot (without phenol gland)"
"T001G","T001G","G","control","0","gill"
"T002F","T002F","F","control","0","foot (phenol gland to tip)"
"T002FX","T002FX","F","control","0","foot (without phenol gland)"
"T002G","T002G","G","control","0","gill"
"T003F","T003F","F","control","0","foot (phenol gland to tip)"
"T003FX","T003FX","F","control","0","foot (without phenol gland)"
"T003G","T003G","G","control","0","gill"
"T004F","T004F","F","control","0","foot (phenol gland to tip)"
"T004FX","T004FX","F","control","0","foot (without phenol gland)"
"T004G","T004G","G","control","0","gill"
"T005F","T005F","F","control","0","foot (phenol gland to tip)"
"T005FX","T005FX","F","control","0","foot (without phenol gland)"
"T005G","T005G","G","control","0","gill"
"T006F","T006F","F","control","0","foot (phenol gland to tip)"
"T006FX","T006FX","F","control","0","foot (without phenol gland)"
"T006G","T006G","G","control","0","gill"
"T007F","T007F","F","control","0","foot (phenol gland to tip)"
"T007FX","T007FX","F","control","0","foot (without phenol gland)"
"T007G","T007G","G","control","0","gill"
"T008F","T008F","F","control","0","foot (phenol gland to tip)"
"T008FX","T008FX","F","control","0","foot (without phenol gland)"
"T008G","T008G","G","control","0","gill"
"T009F","T009F","F","control","0","foot (phenol gland to tip)"
"T009FX","T009FX","F","control","0","foot (without phenol gland)"
"T009G","T009G","G","control","0","gill"
"T010F","T010F","F","control","0","foot (phenol gland to tip)"
"T010FX","T010FX","F","control","0","foot (without phenol gland)"
"T010G","T010G","G","control","0","gill"
"T011F","T011F","F","control","0","foot (phenol gland to tip)"
"T011FX","T011FX","F","control","0","foot (without phenol gland)"
"T011G","T011G","G","control","0","gill"
"T012F","T012F","F","control","0","foot (phenol gland to tip)"
"T012FX","T012FX","F","control","0","foot (without phenol gland)"
"T012G","T012G","G","control","0","gill"
"T014F","T014F","F","OA","3","foot (phenol gland to tip)"
"T014G","T014G","G","OA","3","gill"
"T015F","T015F","F","OA","3","foot (phenol gland to tip)"
"T015G","T015G","G","OA","3","gill"
"T016F","T016F","F","OA","3","foot (phenol gland to tip)"
"T016G","T016G","G","OA","3","gill"
"T017F","T017F","F","OA","3","foot (phenol gland to tip)"
"T017G","T017G","G","OA","3","gill"
"T019F","T019F","F","OA","3","foot (phenol gland to tip)"
"T019G","T019G","G","OA","3","gill"
"T021F","T021F","F","OA","3","foot (phenol gland to tip)"
"T021G","T021G","G","OA","3","gill"
"T023F","T023F","F","OA","3","foot (phenol gland to tip)"
"T023G","T023G","G","OA","3","gill"
"T025F","T025F","F","OA","3","foot (phenol gland to tip)"
"T025G","T025G","G","OA","3","gill"
"T026F","T026F","F","OA","3","foot (phenol gland to tip)"
"T026G","T026G","G","OA","3","gill"
"T027F","T027F","F","OA","3","foot (phenol gland to tip)"
"T027G","T027G","G","OA","3","gill"
"T029F","T029F","F","OW","3","foot (phenol gland to tip)"
"T029G","T029G","G","OW","3","gill"
"T030F","T030F","F","OW","3","foot (phenol gland to tip)"
"T030G","T030G","G","OW","3","gill"
"T031F","T031F","F","OW","3","foot (phenol gland to tip)"
"T031G","T031G","G","OW","3","gill"
"T033F","T033F","F","OW","3","foot (phenol gland to tip)"
"T033G","T033G","G","OW","3","gill"
"T034F","T034F","F","OW","3","foot (phenol gland to tip)"
"T034G","T034G","G","OW","3","gill"
"T035F","T035F","F","OW","3","foot (phenol gland to tip)"
"T035G","T035G","G","OW","3","gill"
"T036F","T036F","F","OW","3","foot (phenol gland to tip)"
"T036G","T036G","G","OW","3","gill"
"T037F","T037F","F","OW","3","foot (phenol gland to tip)"
"T037G","T037G","G","OW","3","gill"
"T038F","T038F","F","OW","3","foot (phenol gland to tip)"
"T038G","T038G","G","OW","3","gill"
"T039F","T039F","F","OW","3","foot (phenol gland to tip)"
"T039G","T039G","G","OW","3","gill"
"T040F","T040F","F","OW","3","foot (phenol gland to tip)"
"T040G","T040G","G","OW","3","gill"
"T041F","T041F","F","OW","3","foot (phenol gland to tip)"
"T041G","T041G","G","OW","3","gill"
"T046F","T046F","F","DO","3","foot (phenol gland to tip)"
"T046G","T046G","G","DO","3","gill"
"T047G","T047G","G","DO","3","gill"
"T049F","T049F","F","DO","3","foot (phenol gland to tip)"
"T049G","T049G","G","DO","3","gill"
"T052F","T052F","F","DO","3","foot (phenol gland to tip)"
"T052G","T052G","G","DO","3","gill"
"T055F","T055F","F","DO","3","foot (phenol gland to tip)"
"T055G","T055G","G","DO","3","gill"
"T056F","T056F","F","DO","3","foot (phenol gland to tip)"
"T056G","T056G","G","DO","3","gill"
"T057F","T057F","F","DO","3","foot (phenol gland to tip)"
"T057G","T057G","G","DO","3","gill"
"T058F","T058F","F","DO","3","foot (phenol gland to tip)"
"T058G","T058G","G","DO","3","gill"
"T110F","T110F","F","DO","3","foot (phenol gland to tip)"
"T110G","T110G","G","DO","3","gill"
"T111F","T111F","F","DO","3","foot (phenol gland to tip)"
"T111G","T111G","G","DO","3","gill"
"T112F","T112F","F","DO","3","foot (phenol gland to tip)"
"T112G","T112G","G","DO","3","gill"
"T118F","T118F","F","OA","3","foot (phenol gland to tip)"
"T118G","T118G","G","OA","3","gill"
"T119F","T119F","F","OA","3","foot (phenol gland to tip)"
"T119G","T119G","G","OA","3","gill"
"T126F","T126F","F","control","3","foot (phenol gland to tip)"
"T126G","T126G","G","control","3","gill"
"T127F","T127F","F","control","3","foot (phenol gland to tip)"
"T127G","T127G","G","control","3","gill"
"T128F","T128F","F","control","3","foot (phenol gland to tip)"
"T128G","T128G","G","control","3","gill"
"T129F","T129F","F","control","3","foot (phenol gland to tip)"
"T129G","T129G","G","control","3","gill"
"T130F","T130F","F","control","3","foot (phenol gland to tip)"
"T130G","T130G","G","control","3","gill"
"T131F","T131F","F","control","3","foot (phenol gland to tip)"
"T131G","T131G","G","control","3","gill"
"T132F","T132F","F","control","3","foot (phenol gland to tip)"
"T132G","T132G","G","control","3","gill"
"T133F","T133F","F","control","3","foot (phenol gland to tip)"
"T133G","T133G","G","control","3","gill"
"T134F","T134F","F","control","3","foot (phenol gland to tip)"
"T134G","T134G","G","control","3","gill"
"T135F","T135F","F","control","3","foot (phenol gland to tip)"
"T135G","T135G","G","control","3","gill"
"T136F","T136F","F","control","3","foot (phenol gland to tip)"
"T136G","T136G","G","control","3","gill"
"T137F","T137F","F","control","3","foot (phenol gland to tip)"
"T137G","T137G","G","control","3","gill"
