"0","plot_dat <- paired_tbl %>%"
"0","  mutate(response   = factor(response, levels = responses$response,"
"0","                             labels = responses$label),"
"0","         mussel_trt = factor(mussel_trt, levels = c(""control"", ""OA"", ""OW"", ""DO"")))"
"0",""
"0","p_change <- ggplot(plot_dat, aes(x = mussel_trt, y = pct_change)) +"
"0","  geom_hline(yintercept = 0, linetype = ""dashed"", color = ""grey40"") +"
"0","  geom_errorbar(aes(ymin = pct_ci_low, ymax = pct_ci_high),"
"0","                width = 0.18, linewidth = 0.7, color = ""black"") +"
"0","  geom_point(aes(fill = mussel_trt), shape = 21, size = 4, stroke = 0.8, color = ""black"") +"
"0","  geom_text(aes(label = paste0(""n="", n_pairs), y = pct_ci_high), vjust = -0.8, size = 3.2) +"
"0","  facet_wrap(~ response, scales = ""free_y"", nrow = 2) +"
"0","  scale_fill_manual(values = arm_colors) +"
"0","  scale_y_continuous(expand = expansion(mult = c(0.08, 0.22))) +"
"0","  labs(x = NULL, y = ""Paired change, day 3 vs baseline (%)"") +"
"0","  my_theme"
"0","p_change"
