"0","# Every paired animal's own change. Bottom-left = smaller plaques holding less force;"
"0","# top-right = larger plaques holding more. Descriptive: the arm comparison is the ANCOVA."
"0","resp_p <- resp %>% filter(paired) %>%"
"0","  mutate(mussel_trt = factor(mussel_trt, levels = c(""control"", ""OA"", ""OW"", ""DO"")))"
"0",""
"0","p_animal <- ggplot(resp_p, aes(x = 100 * (exp(pad_area_change) - 1),"
"0","                                y = 100 * (exp(max_force_change) - 1))) +"
"0","  geom_hline(yintercept = 0, linetype = ""dashed"", color = ""grey50"") +"
"0","  geom_vline(xintercept = 0, linetype = ""dashed"", color = ""grey50"") +"
"0","  geom_point(aes(fill = mussel_trt, shape = response_class), size = 3.6, stroke = 0.7,"
"0","             color = ""black"") +"
"0","  geom_text(aes(label = mussel), size = 2.4, vjust = -1.1, check_overlap = TRUE) +"
"0","  scale_fill_manual(values = arm_colors, name = ""Arm"","
"0","                    guide = guide_legend(override.aes = list(shape = 21))) +"
"0","  scale_shape_manual(values = c(weaker = 25, stronger = 24, mixed = 21), name = ""Response"") +"
"0","  labs(x = ""Plaque area, day 3 vs baseline (%)"","
"0","       y = ""Peak force, day 3 vs baseline (%)"") +"
"0","  my_theme + theme(legend.position = ""right"")"
"0","p_animal"
