"0","# Should the day-0 lab-reference animals (phase == ""lab"", mussel_trt == ""lab_control"")"
"0","# count as part of the BASELINE REFERENCE POOL?"
"0","#"
"0","#   FALSE (default) - the pool is the day-1 pre-exposure threads only. These animals"
"0","#                     went on to be exposed, so a before/after contrast against them"
"0","#                     isolates the stressor."
"0","#   TRUE            - reproduces the previous behaviour, where the pool was 43"
"0","#                     pre-exposure animals PLUS 11 lab-reference animals that never"
"0","#                     entered the experimental system. That confounds ""effect of the"
"0","#                     stressor"" with ""effect of being in the system at all""."
"0","#"
"0","# This toggle affects the line+box left cluster and the two-sample tests in 1b only."
"0","# It does NOT affect the paired tests (lab animals have no day-3 pull, so they never"
"0","# pair) and it does NOT affect the mixed model, which is always restricted to"
"0","# phase %in% c(""pre"", ""post"")."
"0","INCLUDE_LAB_REFERENCE <- FALSE"
