"0","## Clear workspace"
"0","rm(list = ls())"
"0",""
"0","## Load packages (auto-install any that are missing)."
"0","## bestNormalize, agricolae, nlme, multcomp and rstatix were declared by the previous"
"0","## version but never called; they are dropped so a fresh machine does not install five"
"0","## packages this script has no use for."
"0","load.lib <- c(""readxl"", ""tidyverse"", ""lme4"", ""lmerTest"", ""emmeans"","
"0","              ""broom"", ""broom.mixed"", ""colorspace"", ""here"")"
"0","              # emmeans: lmer post-hoc contrasts; broom/broom.mixed: tidy stats output;"
"0","              # colorspace: lightened violin fills in p2"
"0","install.lib <- load.lib[!load.lib %in% installed.packages()]"
"0","for (lib in install.lib) install.packages(lib, dependencies = TRUE)"
"0","sapply(load.lib, require, character = TRUE)"
"1","     readxl "
"1","  tidyverse "
"1","       lme4 "
"1","   lmerTest "
"1","    emmeans "
"1","      broom "
"1","broom.mixed "
"1"," colorspace "
"1","       here "
"1","
"
"1","       TRUE "
"1","       TRUE "
"1","       TRUE "
"1","       TRUE "
"1","       TRUE "
"1","       TRUE "
"1","       TRUE "
"1","       TRUE "
"1","       TRUE "
"1","
"
"0","## ggplot theme (ggplot2 >= 3.4: line/rect widths use `linewidth`, not `size`)"
"0","my_theme <- theme(line             = element_line(linewidth = 1.2),"
"0","                  rect             = element_rect(linewidth = 1.2),"
"0","                  text             = element_text(size = 14, color = ""black""),"
"0","                  panel.background = element_blank(),"
"0","                  panel.grid.major = element_blank(),"
"0","                  panel.grid.minor = element_blank(),"
"0","                  axis.text.x      = element_text(size = 16, color = ""black""),"
"0","                  axis.text.y      = element_text(size = 16, color = ""black""),"
"0","                  axis.title.x     = element_text(margin = margin(t = 10, r = 0, b = 0, l = 0)),"
"0","                  axis.title.y     = element_text(margin = margin(t = 0, r = 10, b = 0, l = 0)),"
"0","                  axis.ticks.x     = element_line(color = ""black""),"
"0","                  axis.ticks.y     = element_line(color = ""black""),"
"0","                  panel.border     = element_rect(color = ""black"", fill = NA, linewidth = 1.2),"
"0","                  legend.key       = element_blank(),"
"0","                  legend.position  = ""none"")"
"0",""
"0","## Palette, keyed on thread_trt. `baseline` keeps the blue the old pooled ""control"""
"0","## level used, so the pre-exposure cluster reads the same as before; the day-3 control"
"0","## arm gets its own lighter blue so the two are never mistaken for each other."
"0","treatment_colors <- c(""lab_control""       = ""#B0BEC5"",   # grey: outside the experiment"
"0","                      ""baseline""          = ""#5DADE2"",   # blue"
"0","                      ""treatment_control"" = ""#7FB3D5"",   # lighter blue"
"0","                      ""OW""                = ""#fdae61"",   # orange"
"0","                      ""OA""                = ""#4CAF50"",   # green"
"0","                      ""DO""                = ""#9884a3"")   # purple"
