"0","# If script 1 ran without the mussel key, these columns are absent. Create them empty rather"
"0","# than failing, so the candidate still builds and the gap is visible as blank cells."
"0","for (col in c(""species"", ""mussel_trt"", ""rna_sequenced""))"
"0","  if (!col %in% names(traces)) traces[[col]] <- NA_character_"
"0",""
"0","summary_tbl <- traces %>%"
"0","  mutate(adhesion_kpa = max_force / pad_area * 1000,       # N / mm^2 -> kPa"
"0","         sort_ID      = paste0(mussel, ""_"", thread)) %>%"
"0","  arrange(match(source_folder, folder_order), mussel, thread) %>%"
"0","  transmute(species, sort_ID,"
"0","            mussel_ID  = mussel,"
"0","            thread_num = thread,"
"0","            note, phase, day,"
"0","            mussel_trt,                                # the arm the ANIMAL was assigned to"
"0","            thread_trt,                                # what the THREAD was built in"
"0","            max_force, integral, max_displacement,"
"0","            pad_area, adhesion_kpa, failure,"
"0","            rna_sequenced,"
"0","            pad_notes,"
"0","            source_folder, file)                       # provenance, drop before pasting"
"0",""
"0","message(""Candidate rows: "", nrow(summary_tbl),"
"0","        "" | with adhesion_kpa: "", sum(!is.na(summary_tbl$adhesion_kpa)))"
