"0","fm <- thread_plot %>%"
"0","  filter(!is.na(failure)) %>%"
"0","  mutate(failure    = factor(failure, levels = c(""cohesive"", ""peeling"", ""tearing"", ""thread"")),"
"0","         thread_trt = factor(thread_trt, levels = c(""lab_control"", ""baseline"","
"0","                                                    ""treatment_control"", ""OA"", ""OW"", ""DO"")))"
"0",""
"0","fm_counts <- fm %>% count(thread_trt, failure) %>%"
"0","  group_by(thread_trt) %>% mutate(pct = 100 * n / sum(n)) %>% ungroup()"
"0","knitr::kable(fm_counts %>% select(-pct) %>%"
"0","               pivot_wider(names_from = failure, values_from = n, values_fill = 0))"
